Département,Votants,Blancs,Exprimés,ARTHAUD,ROUSSEL,MACRON,LASSALLE,LE PEN,ZEMMOUR,MÉLENCHON,HIDALGO,JADOT,PÉCRESSE,POUTOU,DUPONT-AIGNAN,Abstention_rate,ARTHAUD_percent,ROUSSEL_percent,MACRON_percent,LASSALLE_percent,LE PEN_percent,ZEMMOUR_percent,MÉLENCHON_percent,HIDALGO_percent,JADOT_percent,PÉCRESSE_percent,POUTOU_percent,DUPONT-AIGNAN_percent
Ain,340568,5641,333024,1658,5938,92206,10876,86755,27530,57832,5644,15843,17572,2172,8998,22.26409409530505,0.37844463364139974,1.3553704671668465,21.046360608889568,2.48248723491186,19.802149693341157,6.283824345083073,13.200367944963467,1.2882638795368277,3.6162233599401064,4.010874006240456,0.4957670351442221,2.053826787397657
Aisne,272455,3767,265860,2038,5968,58721,6468,104342,18266,41172,2983,7074,10920,2118,5790,27.06213993532221,0.545584991326323,1.597669886278457,15.71996873192984,1.7315229263487033,27.932987814019235,4.88991925984623,11.021994731544343,0.798567237059088,1.8937528109138415,2.9233503951341744,0.5670014777375624,1.5500182040134496
Allier,191494,3749,185955,1359,8119,49706,7782,50315,12361,31013,3280,5982,10319,1503,4216,23.399642387125937,0.543619570304531,3.2477169178090413,19.883115792168518,3.112912064834334,20.126724562084235,4.9445780048081724,12.405646603277717,1.3120472337004132,2.3928861439011806,4.127748598949562,0.6012216439791832,1.686460712585653
Alpes-Maritimes,570332,7550,558775,1627,8858,139707,12767,148919,78208,92345,5414,23374,31260,2989,13307,26.747343247082515,0.20896963967828694,1.1377093228458917,17.943774708380104,1.639775900290528,19.126951303780462,10.044927830337716,11.860664644186484,0.6953667051126278,3.0021243748250024,4.014991356080669,0.38390304425224314,1.7091327567295416
Alpes-de-Haute-Provence,98785,1478,96683,505,2721,20800,4309,26010,7926,21856,1396,3957,3834,865,2504,22.869412453640443,0.3943002147179387,2.1245364044505175,16.240484091352723,3.364434901424947,20.308413039234825,6.188561389810658,17.06500097599063,1.0899863361311732,3.0895959398789774,2.9935584618387665,0.6753855162990435,1.9551044309974626
Ardennes,136829,1909,133936,1081,3009,31656,4084,48242,8771,22281,1741,3446,5556,1112,2957,26.51385360666391,0.580567893145432,1.6160303334640191,17.001348034608508,2.1933758331229827,25.909117762369966,4.710602211636063,11.966358212001268,0.9350311766569817,1.8507279923951514,2.9839363684699536,0.5972169261588532,1.5881029232479578
Ardèche,201745,3311,196975,1219,5710,45353,9033,49594,14199,42837,4189,8544,9553,1817,4927,21.149930235012253,0.4764342860716254,2.2316979273740616,17.72577865152291,3.530460136246917,19.383332225952575,5.5495409581058315,16.742424538515355,1.6372298805201302,3.3393392454437794,3.7336970753422785,0.7101567660312906,1.9256699979285468
Ariège,94011,1532,91704,417,2701,18071,7532,21958,5821,23908,3208,3020,2724,723,1621,21.025042213056224,0.35030536210821667,2.269004275909576,15.18073908550979,6.327338099278387,18.446055494417795,4.889994035568175,20.08417409420442,2.6949151118540984,2.5369836776182595,2.288325674778854,0.6073639731516562,1.361738589873907
Aube,153167,2339,149670,1005,3094,38321,3787,49316,11374,22483,1720,4619,8923,1062,3966,25.484672903561645,0.48892975465942756,1.505222548175392,18.643061819207883,1.8423651551196538,23.992099284362517,5.533419929847094,10.937918083589961,0.836775301506682,2.2471308823600955,4.341015125200072,0.5166600989535444,1.929448166148547
Aude,216955,2962,212426,1026,5622,43104,12382,64027,18434,42039,6166,6322,7350,1748,4206,22.49586499337327,0.3665241295051924,2.0083807564114933,15.398300271142118,4.423296073619194,22.87274896669489,6.585288307308692,15.017843937883804,2.202717136967852,2.2584459519803377,2.6256845534728694,0.6244485169347722,1.502534589375087
Aveyron,175635,3079,170902,894,4515,47430,14825,34357,10112,32734,4470,6746,9988,1354,3477,19.972387774071844,0.4073486795341462,2.0572475258352014,21.611351085351853,6.754971111961653,15.654674029926916,4.607505422202781,14.915158474128345,2.036743397670731,3.0737966355003916,4.551005157927351,0.6169464341042885,1.58428563617475
Bas-Rhin,588488,8335,576719,3687,7015,177069,14652,145883,40458,105055,8348,28573,24812,4158,17009,24.42802987497303,0.4734741470530825,0.9008465260584144,22.738701856398773,1.8815685388179455,18.733883643760464,5.195502316645949,13.49086697007366,1.072026628586692,3.6692641181848997,3.1862870997236463,0.5339586393942819,2.1842478348863255
Bouches-du-Rhône,1027368,13341,1008620,3578,24295,229038,24256,264753,108617,237971,11760,42109,36229,5963,20051,27.198154174083605,0.25354595857095885,1.7216039864397557,16.230201022687332,1.7188403496638285,18.761054547103708,7.696870145920022,16.86321556933752,0.8333427816641912,2.9839482307055634,2.5672768398734678,0.42255297679112014,1.4208636152337328
Calvados,394349,5547,386231,2757,8777,120366,9816,91774,22255,73950,6848,19621,18383,3764,7920,23.000968470051625,0.5383209540992057,1.7137624280481423,23.502190772979688,1.9166334731366714,17.919429539898623,4.345423588493951,14.439185547927552,1.3371134906316144,3.8311191296265923,3.589392128837758,0.7349438053062787,1.546427985660395
Cantal,90726,1803,88102,555,2496,25038,6848,21570,4906,12944,1810,2751,6987,650,1547,21.61562054516394,0.47950235431336125,2.1564646421011706,21.63203594107737,5.9164542744827,18.635794202773337,4.238628018488919,11.183204458075943,1.5637824528057367,2.376776534623526,6.036545855112531,0.5615793338805133,1.3365588146356215
Charente,197699,3293,192666,1319,5374,53126,8482,50432,10617,37305,4003,7557,8343,1763,4345,23.255877146672464,0.5120182603024751,2.08611533803298,20.622806745132138,3.2925996087078038,19.577031769199714,4.121378218067761,14.481304928418373,1.5539113692121362,2.9335269091022016,3.238641657091395,0.6843731561131642,1.6866712213906403
Charente-Maritime,402765,5918,394067,2330,10002,113753,14335,99790,24347,71633,6857,19012,19316,3403,9289,22.426146278327124,0.44876560567948504,1.9264178489297037,21.90919911710664,2.7609677928821537,19.219879738521808,4.689311674454259,13.796749627312686,1.320680582894519,3.6617732597332058,3.7203246520622035,0.6554289082091364,1.7890917215264965
Cher,164762,3146,160533,1304,5749,43497,5495,44772,10822,27901,2585,5028,8147,1463,3770,26.63223048492675,0.580665271407579,2.560003562363628,19.369016342343144,2.4468985171661397,19.936768045598257,4.818987398138665,12.424188449035935,1.1510887473838893,2.238945540366033,3.627822059936768,0.6514672485193926,1.6787638598209913
Corrèze,146602,2517,142600,885,6292,33125,10177,31658,8012,27731,3605,5040,12278,1179,2618,20.76938043149293,0.47829564615850234,3.400492887716719,17.902308789830947,5.5001297072938735,17.10947295602923,4.330061827143413,14.98713736002421,1.9483116433914136,2.723853171343335,6.635608975744736,0.6371870811535302,1.4148903973366769
Corse-du-Sud,71552,1130,68861,197,1850,12932,6729,20139,9199,9330,624,2266,3772,608,1215,37.189908530697515,0.17293140680138347,1.6239751400129918,11.352025140890817,5.906880387647255,17.678505591741427,8.0751066556646,8.19010165206552,0.5477624256043822,1.9891500904159132,3.3111536368264893,0.5337172352042697,1.0665566460085325
Creuse,68979,1388,66848,490,2430,15542,4275,16772,3501,13679,1641,1906,4391,665,1556,24.153893519231193,0.538781254810547,2.6719152024278143,17.089261759725552,4.7005915598267105,18.441712664658148,3.849537087942295,15.040793437864227,1.804367426824709,2.0957491258549026,4.828139775251248,0.7312031315285994,1.710905372418798
Côte-d'Or,288973,4577,282745,1775,5721,80734,8183,69110,21651,53875,5126,13462,14344,2286,6478,21.23050000136292,0.4838371145317411,1.55945472238653,22.006820058932725,2.2305572440637955,18.83830027340204,5.901722460127733,14.68547861712538,1.3972670699096927,3.6695297103246753,3.9099490539962223,0.6231276866589072,1.765801029823447
Côtes-d'Armor,375155,5722,366393,2603,11628,113656,11949,79850,17319,74226,8279,19349,17235,3895,6404,20.476224796079297,0.5517729654564263,2.4648544150316267,24.092319693398228,2.5328986416591768,16.926266343332937,3.6712086011294067,15.73411453475555,1.75494751479591,4.101519442418898,3.653402635282945,0.8256456782377181,1.3574929200088182
Deux-Sèvres,213811,3839,207804,1644,4538,68446,7014,47903,8803,39120,4340,10074,9257,2134,4531,21.742297246846796,0.601726119452151,1.6609690572225433,25.052156917288283,2.567218370947316,17.53314251831897,3.2220164413243833,14.318446346087683,1.588498393200934,3.687219542190371,3.3881865497375685,0.7810727122329016,1.6584069630399614
Dordogne,253312,3636,246556,1294,8855,58532,15850,63327,15800,50054,5362,8563,11280,2223,5416,20.384199542380127,0.40670337683236535,2.7831208669633654,18.39657036534158,4.981644917150688,19.90363581504111,4.9659299489577835,15.731940358552714,1.6852731890070656,2.6913454527168037,3.5452968243192275,0.6986874858565286,1.7022453546554022
Doubs,284262,4989,277097,2069,5001,76338,8688,66703,19486,55587,4902,13096,15107,2345,7775,22.834363522350625,0.5616498226011798,1.3575692425463992,20.72267963157509,2.3584406277230787,18.107166803753742,5.2896609198678535,15.089622372610817,1.330694746443201,3.5550343532068873,4.100939521525385,0.6365726602222168,2.110598052549141
Drôme,297899,4577,291424,2041,6752,72228,9945,70574,22010,65258,5311,14234,13204,2109,7758,22.054329282970684,0.5340303724868389,1.7666698064826736,18.898552544820873,2.6021225156205845,18.465781238552754,5.75894585910599,17.074842747548328,1.3896302343349347,3.724345086711252,3.454844212795797,0.551822663191937,2.029891048384565
Essonne,607300,8954,594941,2831,13480,164503,11610,105862,39284,167310,7944,29562,33046,4306,15203,24.04002501563477,0.35409631019387117,1.6860537836147593,20.57573483427142,1.4521575984990618,13.241025641025642,4.913570981863665,20.926829268292682,0.9936210131332083,3.697560975609756,4.133333333333333,0.5385866166353971,1.9015634771732335
Eure,325735,5085,318861,2197,7056,83058,7768,102952,20930,55571,4027,11477,13552,2710,7563,24.632922873312697,0.5083318293930097,1.6325850651784597,19.21758083100801,1.797324374476513,23.82056372310839,4.8426878421464234,12.85776426545241,0.9317488743585116,2.6554958606934784,3.135599887088788,0.6270274272439946,1.7498924104230005
Eure-et-Loir,224928,3489,220021,1419,4267,59869,5694,61960,14803,40529,3076,7904,13003,1766,5731,25.983256989417153,0.46694834939188123,1.4041357342178697,19.70100826620334,1.873716632443532,20.38909071763281,4.871202548307271,13.336821460538092,1.012215026588743,2.6009582477754964,4.278879060706576,0.5811351550571263,1.8858921707997682
Finistère,554831,8692,542919,3627,15340,174894,18320,100890,25607,116591,13077,33200,26541,6266,8566,21.821865828003624,0.5110602915875841,2.1614736346715024,24.643335714617844,2.5813687736102953,14.215845828031807,3.6081392022837786,16.428185954366697,1.8426069570142918,4.67802638012346,3.739743920327011,0.8829070270437831,1.2069871678354689
Français établis hors de France,504291,3193,498951,1300,3266,224957,5964,26380,43252,109394,12489,40774,20956,3145,7074,64.87602960412218,0.09054526357726228,0.22747756218718354,15.668300660423224,0.41539380921137864,1.8373723485909068,3.0125105694182674,7.619314279823869,0.8698613821664835,2.839917366999455,1.4595896488654678,0.21904988765422298,0.4927055342658103
Gard,422315,5840,413979,1768,12123,88278,15162,121480,38479,88827,6585,14974,15460,2706,8137,23.912416807497866,0.3185367488352149,2.1841747772224607,15.90485696474836,2.731704856244077,21.886789733315556,6.932678483275019,16.00376911130409,1.1864052551356843,2.697833301503681,2.7853948738644925,0.487534186848468,1.4660257495883167
Gers,119011,1762,116399,529,3128,28970,11720,26015,8396,21353,3861,4090,5126,793,2418,19.19295482013607,0.35918467116609404,2.123874577329947,19.670283409606323,7.957739784624995,17.663873762544306,5.70078355219381,14.498431537636309,2.621572807887125,2.7770610681839787,3.4804926737190893,0.5384375127310257,1.6417930716060785
Gironde,909534,12367,892020,3679,21522,256179,37725,191542,58321,194775,19598,46677,37575,8734,15693,21.493628231199743,0.317552660744311,1.8576701181133626,22.112074769452796,3.256231075449614,16.532936054440558,5.033973560007872,16.811992252371073,1.6916001753919563,4.028922409774995,3.243283834592956,0.7538746776137026,1.354540338423613
Guadeloupe,141431,2719,135085,1084,668,18137,1033,24204,3098,75862,2266,1927,3979,713,2114,55.24661179724261,0.34301300854684624,0.21137702002702335,5.739139239865453,0.3268749426465795,7.658936216667773,0.9803083952750276,24.005214810314442,0.7170364182353817,0.6097657448983144,1.259085572885518,0.22561648993902345,0.6689386531992925
Guyane,37239,825,35861,297,246,5101,516,6334,1573,18143,535,940,997,462,717,63.8431738079287,0.28836911246395386,0.23885118406105268,4.952763780062723,0.5010049226646471,6.1499325196858035,1.5272882623090889,17.615760294388938,0.5194527783441593,0.912683386249551,0.9680269532880875,0.4485741749439282,0.6961638169584341
Haut-Rhin,393877,6382,385109,2265,4649,107248,11063,106937,30284,66238,4881,18963,15994,2842,13745,25.926490113552163,0.4259616578089209,0.8743027581252422,20.169331512887926,2.080535903019908,20.110844062301357,5.695286024320248,12.45688666222839,0.9179332678875687,3.566229985443959,3.0078722980114265,0.5344737445885004,2.5849196408757695
Haute-Corse,80851,1463,78511,257,2687,13773,8601,21998,9657,10368,959,2520,5555,762,1374,37.38014467834627,0.19904890252025342,2.0811066189568908,10.667317254519263,6.661554904967703,17.0376566445157,7.4794367768018954,8.030112923462985,0.7427544650463931,1.9517635577861423,4.3023994299611195,0.5901761234258097,1.0641758446024445
Haute-Garonne,746955,10129,730979,3006,16307,196712,35479,133254,50613,188867,19658,42599,27153,4888,12443,19.70997107450009,0.3231142799098376,1.752835849131644,21.14452968384031,3.813629919135438,14.32344319863789,5.440380255847176,20.301272356530703,2.1130341032826303,4.5789571556484265,2.9186700074490415,0.5254100466398157,1.3374953376307748
Haute-Loire,143706,2837,139655,1020,3493,32417,7817,38629,9529,24332,2491,5796,9560,1205,3366,20.47524708642768,0.5644527575177359,1.9329740019700508,17.939083372992595,4.32581098580014,21.376711343286885,5.273206202339712,13.464965192079953,1.3784821754673338,3.2074197868360765,5.2903611390878,0.6668289929498744,1.8626940998085286
Haute-Marne,96116,1489,93808,696,1833,21886,3327,34331,6450,13228,1305,2580,4841,747,2584,25.715478131835006,0.5379128055707981,1.416658293981714,16.91488457287714,2.5713159542155823,26.53316742536073,4.98496781024662,10.223434758750743,1.0085865104452465,1.9939871240986482,3.7414308789773476,0.5773288301169341,1.9970785770042274
Haute-Savoie,436281,6918,427139,1880,5997,130422,13371,87744,33353,78062,6606,29948,22349,3232,14175,22.872901805839145,0.3323521872486366,1.0601681207074858,23.05640264113919,2.363766540266766,15.511654424438493,5.896246011331796,13.800040660108015,1.1678290154066453,5.294299629639451,3.9509250174573287,0.5713629091423369,2.5059001352390546
Haute-Saône,138676,2364,134739,1171,2836,30204,4820,46618,9675,21089,2345,4292,6754,1295,3640,21.967194665616297,0.6589201811889824,1.5958135216498324,16.995751624792504,2.71220774836114,26.23188813549785,5.4441099513265625,11.866752947134456,1.3195284584869031,2.4151028331879694,3.8004670399234732,0.728694820358439,2.0482232788453425
Haute-Vienne,208258,3787,202118,1457,8030,54951,9973,45357,10796,43137,5654,7877,9544,1787,3555,21.037225773672755,0.552433817897794,3.0446421123673892,20.835134335828194,3.7813469223711054,17.19748845462611,4.0933943020072645,16.355756762290422,2.1437617065162167,2.9866308741118215,3.6186879602035322,0.6775560964882348,1.3479081829970199
Hautes-Alpes,88162,1395,86235,428,1925,20507,3871,19696,6164,19718,1459,5013,4511,801,2142,22.337229891031456,0.3770293959601477,1.6957513720170192,18.064817343352214,3.4100018499105875,17.35039949259595,5.429928029669042,17.36977950827615,1.2852474035183536,4.416000845673412,3.973784124243519,0.7056087527198089,1.8869087994080287
Hautes-Pyrénées,137848,2064,134888,636,4539,33692,14761,29938,8714,26449,3315,4872,4560,1003,2409,22.314207942832347,0.3584249590009186,2.558004542303726,18.987505846948032,8.318727704107797,16.87189689083255,4.910872787317618,14.905631667634115,1.8682055646038445,2.745670440648546,2.5698393286858314,0.5652519400596248,1.3576190664044228
Hauts-de-Seine,788877,11841,774742,2306,13170,287494,11260,64812,62761,199640,10518,47103,62231,3704,9743,20.927824614826392,0.23113924786526968,1.3200797460475289,28.816629195914068,1.1286331010246906,6.496355998544605,6.290776381297568,20.010684927936875,1.0542595876179126,4.72131482749254,6.2376524431498686,0.3712661639605199,0.9765783573075986
Hérault,651599,8867,638728,2580,14165,142306,22068,165734,57751,154819,12150,28057,23230,4393,11475,23.10291314840712,0.30447327892938697,1.6716527116413824,16.79394357803308,2.6043086509355473,19.55874977135001,6.815362919167065,18.270638980840605,1.433856720539555,3.3110879019076784,2.7414396393525813,0.5184306644716268,1.354198013842913
Ille-et-Vilaine,610209,9511,596832,3783,12696,205882,13985,101797,27463,132510,13973,42613,26194,5376,10560,20.920097040573534,0.49025706421162313,1.6453353653795313,26.68123312027951,1.8123830407083132,13.192360128350671,3.5590615264191925,17.172604699625214,1.8108279033119241,5.5224224893602685,3.3946057467510586,0.696701553582259,1.3685209088222945
Indre,124694,2451,120997,1085,3702,31498,4984,34516,7438,20954,2464,3726,6589,1155,2886,24.92835641180012,0.6532209512341963,2.2287778446718844,18.963275135460567,3.000602046959663,20.78025285972306,4.478025285972306,12.615291992775438,1.4834437086092715,2.243226971703793,3.966887417218543,0.695364238410596,1.7375075255869958
Indre-et-Loire,334966,5437,327490,2243,7835,101503,8520,70553,19931,68012,6216,16245,16279,2882,7271,23.958120507965912,0.5091917857353656,1.7786525373324071,23.042574154033353,1.9341569391285396,16.016499357551158,4.524610557954334,15.439657481691343,1.4111173161529347,3.6878379666834658,3.69555643334196,0.654253556170006,1.6506167962915037
Isère,686764,10990,672296,3479,14694,180533,17025,154799,47450,153474,12736,40378,28575,4826,14327,22.438109866281174,0.392911998554391,1.659513913986267,20.38907209974702,1.922772858691724,17.482720455366824,5.3589176002891215,17.33307734007951,1.4383809179616913,4.56021864835562,3.2272090711962416,0.5450397542464763,1.618065594506686
Jura,148963,2625,145227,1053,3166,36139,6218,38179,9657,28882,2635,6388,7424,1343,4143,21.843995445888446,0.5524745929893965,1.661096449576856,18.96094901808528,3.262380834955429,20.031270166896643,5.066711438270277,15.153438931357785,1.382498150548015,3.3515742640230433,3.8951295141056788,0.7046280896341495,2.173696333100731
La Réunion,362380,7361,346766,3538,3074,62542,4844,85770,13070,139604,5549,7994,9738,2705,8338,46.356909075567806,0.5237299400922818,0.45504404630968753,9.258088726187532,0.7170570462993254,12.696528253735165,1.9347513615054053,20.665572231951078,0.8214181564646896,1.1833513683147827,1.4415155897734995,0.4004209971593054,1.2342736688777407
Landes,263683,4033,258050,1115,8176,69459,24308,58646,16817,44548,9071,8628,10393,1975,4914,19.93520315057221,0.3385589836550403,2.4825634532409055,21.09055465981654,7.380889484023963,17.807291619222863,5.106319666481446,13.526570048309178,2.754321561197193,2.619808888767433,3.155734096077878,0.5996896795683448,1.4920886508348592
Loir-et-Cher,185368,3181,180810,1246,4507,50480,5483,50212,12703,30377,3165,7097,9586,1527,4427,24.252404808800335,0.5091574792209809,1.841711684469471,20.627824679835566,2.240538088738875,20.518310872105854,5.190872759666228,12.413063199274267,1.2933253785990406,2.900072736782746,3.9171617943919124,0.6239835238928073,1.80902099559493
Loire,395202,6664,385938,2390,9017,104003,11928,97764,28706,78169,6970,16656,18539,2767,9029,23.081624152870607,0.4651669735341401,1.7549835147938668,20.242159308983755,2.3215529959477923,19.027859414473504,5.587064076264028,15.214074123092134,1.3565748140305258,3.2417661553073804,3.608255448681767,0.5385426844221614,1.7573190811881805
Loire-Atlantique,820354,13373,802422,4712,18322,256609,18298,135702,42761,187977,18369,60072,37541,7280,14779,22.36590949310727,0.4459194865490733,1.733900006908345,24.284158218139044,1.7316287701347508,12.842140527097273,4.046681486486614,17.789178124583017,1.738347845589968,5.684905644307287,3.5526874882297887,0.6889418213236957,1.3986086782064422
Loiret,343082,5512,335422,1959,7530,97004,8483,85832,22878,63486,5656,14401,18086,2433,7674,25.017593705605947,0.42814992896951154,1.645721779040542,21.20074308818708,1.8540050267730301,18.75904272757076,5.0001092776745715,13.87520489563982,1.236149054748115,3.1474155829963943,3.952792044585291,0.5317451644629002,1.6771937493170144
Lot,112114,1767,109390,618,3559,27311,8032,21422,6123,25932,2766,4603,5648,976,2400,19.503439164835797,0.4437168827812002,2.555321012650957,19.608983471905113,5.766883499188673,15.380749292781342,4.396243484254512,18.618877353207257,1.98595614526343,3.30490098938813,4.055198954608768,0.7007567598615718,1.7231723603153406
Lot-et-Garonne,188397,2793,184102,889,4970,42568,13600,50290,15646,34044,3357,5686,7703,1437,3912,21.925455027682922,0.3684149454629844,2.05964260849385,17.64081822099924,5.636044160063655,20.840930941882437,6.483937274143818,14.10834466067699,1.3911911945098299,2.356363756920731,3.192238835659583,0.5955143719126083,1.6211915260418392
Lozère,48132,741,46996,235,1343,10739,4722,10497,3148,9153,1045,1736,3039,426,913,19.527853942352706,0.3928977462716512,2.245368822309904,17.95459105196282,7.894736842105263,17.54998996856818,5.263157894736842,15.302949240954991,1.747141041931385,2.9024276065003676,5.080920216678927,0.712231659198823,1.526449541897947
Maine-et-Loire,452397,8072,441342,3071,8362,157063,11036,89433,21704,80616,8801,26635,21538,3663,9420,23.226640735970186,0.5211594822685286,1.419060758948042,26.654142547555164,1.8728479473511825,15.177094098899813,3.68324500265586,13.680818242448616,1.493560600275259,4.520053015376835,3.655074219830534,0.6216239607781245,1.5986070735817455
Manche,291153,4747,284458,2249,7368,92642,9421,69770,13990,46940,5853,11873,14746,2720,6886,24.299750658454084,0.5847436254104775,1.9156918772896392,24.087069339829906,2.4494751867461577,18.140312469937314,3.6374225520198227,12.20447566774914,1.5217894350944976,3.0869991393946643,3.8339837706993785,0.7072043846671849,1.7903711003008218
Marne,279634,3826,274106,1778,5307,78472,6921,83756,19501,42858,3542,9561,14357,1894,6159,26.53660638286693,0.46710311997562026,1.3942161179474786,20.615588318744024,1.8182343607149987,22.003762045375733,5.12315969777535,11.259339435272855,0.9305282626285978,2.5117957986990467,3.7717657443700676,0.4975777892203739,1.618047309296876
Martinique,130006,4001,122949,1447,747,20043,1162,16495,3153,65292,3935,1978,4731,977,2989,57.31826628232992,0.47505860259886934,0.24524448938587104,6.580234673040178,0.38149142793357715,5.415405424926295,1.035148427086548,21.435747257004405,1.291883622133069,0.6493890227647294,1.5532150994438498,0.3207548408701419,0.9813062634195027
Mayenne,171910,3483,166908,1273,3313,60755,4673,37376,8042,25608,3468,7934,9236,1372,3858,23.50103683662481,0.5664776924377676,1.4742659819688326,27.0356262404215,2.0794581749895427,16.63210544583975,3.5786438354945225,11.395412999172311,1.5432400922028107,3.5305844554605246,4.10996698142594,0.6105321241355987,1.7167878534366905
Mayotte,37163,922,35050,430,206,5936,359,14958,482,8398,318,295,2810,328,530,59.68737457559092,0.4664432078275679,0.2234588390987883,6.439085771312659,0.3894258409537137,16.2257151225227,0.5228502934253203,9.109744324037012,0.34495102346317813,0.3200017356026338,3.0481521255708506,0.35579853992428434,0.5749183724386302
Meurthe-et-Moselle,361138,5092,353800,2373,7961,95252,8739,97243,23518,73892,6362,14588,13387,3214,7271,26.60647038859319,0.48226120144617396,1.6179019910294947,19.357919915782116,1.7760137545040515,19.762547834905305,4.779527575057362,15.01695941730328,1.2929396391068513,2.9646971793918184,2.720619765596262,0.6531763596493902,1.4776743344775098
Meuse,100713,1509,98513,702,1957,24539,3500,34588,7347,13559,1483,3130,4403,883,2422,25.289863135640367,0.5207521976187827,1.4517265680056377,18.203330736990466,2.5963428656207115,25.657802010311194,5.450094581061533,10.058232261414636,1.1001075627758614,2.3218723341122365,3.2661993249508545,0.6550202143837395,1.7966692630095322
Morbihan,478452,7959,467374,2952,11529,152740,14399,102856,26595,84200,8267,27036,22838,4376,9586,21.432840918794298,0.48475135145786674,1.8931904915168514,25.08161294772173,2.364476527656444,16.890103321663393,4.367195864506086,13.826579875593623,1.3575336797094117,4.4396129871324135,3.750254527301748,0.7185880467410654,1.5741282029387231
Moselle,535615,7943,524319,3499,8750,136366,14163,159254,39369,100159,7534,18931,19300,4343,12651,28.193464662146038,0.4690889298230091,1.1730574838386194,18.281732210415676,1.8987443592692992,21.35018246071263,5.277954294999156,13.42768737414769,1.010036009513161,2.537960140177018,2.587429650066898,0.5822387031212714,1.6960400260619857
Nièvre,115336,1957,112441,833,4281,28686,4106,32838,7378,19930,2160,3552,5172,1010,2495,25.196840180042283,0.5402565732297355,2.7765166746656638,18.60480199239879,2.663017394575383,21.297653483455047,4.785129648606229,12.925946583995954,1.4009053999714631,2.3037111021752947,3.3543901521538917,0.6550529879496193,1.61817545043
Nord,1299873,17416,1274781,7673,45902,336138,22459,373127,73168,279785,18215,46962,42470,8265,20617,28.33845855297904,0.42300979212814777,2.530561120587285,18.53116975190556,1.2381567732837313,20.570360316355973,4.033726113701592,15.424448675951236,1.0041865454990502,2.5889985478850615,2.341356167298636,0.45564654397747184,1.1366079609417468
Nouvelle-Calédonie,72966,1777,70500,565,399,28561,1031,13273,6435,9711,963,2161,4144,560,2697,66.64762105012959,0.25825856024280874,0.18238082395908087,13.055084493973204,0.4712647355935147,6.06701923912,2.94140501798668,4.438847572598082,0.4401822894049997,0.9877818560791323,1.8942008383118574,0.25597308625835913,1.232784667212133
Oise,422040,6324,411714,2859,9054,100043,9179,132873,30333,79446,4251,13785,17450,3048,9393,25.186263230760776,0.5068061639258244,1.6049748192320443,17.73431586485878,1.6271331859654223,23.55398930371321,5.377037904988469,14.083148827999667,0.7535617358687232,2.4436246833569393,3.093307995979586,0.5403096144266922,1.6650683098129657
Orne,154603,2586,150950,1203,3261,46005,4895,41804,8910,22993,2368,5513,8838,1334,3826,24.781305646644416,0.5852932304488707,1.5865679339100311,22.382722416292854,2.381554749000185,20.338818126088608,4.3349648240228085,11.186739191779623,1.1520983954305286,2.6822290768616996,4.299934805242827,0.6490284035068941,1.86145627572517
Paris,1071357,11028,1055062,2891,17267,372820,12139,58429,86088,317372,22901,80268,69564,5732,9591,21.68586100400212,0.2113265473949672,1.262184536101314,27.252425942508363,0.8873375852049488,4.271047678222255,6.292867454907622,23.19928363882239,1.6740191151477495,5.867436633102465,5.084994791761846,0.4189981908225361,0.7010836790263336
Pas-de-Calais,807404,10601,790653,5887,26146,194610,17010,305816,40764,124741,11619,19295,25307,5488,13970,26.178383374949597,0.5382532871668604,2.390550441016601,17.793353527355645,1.5552383921705952,27.961010237509864,3.727086291501596,11.40517297341283,1.0623347959218192,1.7641578352105607,2.313839975935406,0.5017723866097723,1.2772886736404008
Polynésie française,63455,1490,60030,808,368,24106,610,11705,4283,7990,865,2150,4725,451,1969,69.13307000817215,0.39304198933727674,0.17900922286648246,11.726076973965831,0.2967272444254193,5.693758026228743,2.083414406350936,3.8866404638673773,0.4207689613573569,1.0458419270731993,2.298420049032961,0.2193835856325641,0.9577966299568043
Puy-de-Dôme,367234,6938,357587,2556,12713,100134,16136,78182,20624,74534,8216,17029,17352,3189,6922,21.54846262467876,0.5460336720764447,2.715855271168952,21.391445899727195,3.4471045902290736,16.701879714507278,4.4058679393210465,15.922564051074229,1.7551692683020617,3.637874570340288,3.7068764780400896,0.6812603209122778,1.4787343811084313
Pyrénées-Atlantiques,409795,5816,401490,1677,10170,111610,48246,69768,25877,76030,9276,19967,17166,4982,6721,21.182507611616202,0.32254403966695455,1.956036304957023,21.46639252667191,9.279343910418538,13.418755253121098,4.977025709279536,14.623150468621676,1.7840897507159632,3.8403320453369596,3.301604642172297,0.9582077552896645,1.292676500060585
Pyrénées-Orientales,274372,3528,268568,1312,6509,55169,11690,87930,24782,51556,5013,8588,8815,1995,5209,24.22253891448204,0.362354864724533,1.79768888299694,15.236856350600425,3.228603939504413,24.284956749411727,6.84441940366111,14.23899954705642,1.3845159579756736,2.371877727327964,2.434571747367956,0.5509892950651244,1.4386482395961069
Rhône,925646,12708,909013,3774,15938,278243,17572,150463,74168,229036,15895,51907,50263,5267,16487,21.6368417220752,0.319498554891274,1.3492760911121158,23.555441549711908,1.4876069439717718,12.737867266721187,6.278900058075254,19.389684954445634,1.3456358055105457,4.394332667922988,4.255155237016456,0.4458926572899682,1.3957532258856475
Saint-Martin/Saint-Barthélemy,8602,150,8368,41,48,2070,208,1445,1107,2354,92,247,354,63,339,64.76611780126157,0.1679364299172606,0.19660850331776847,8.478741705578766,0.8519701810436635,5.918735151961989,4.534283607766036,9.64200868354223,0.3768329646923896,1.0117145899893505,1.4499877119685427,0.25804866060457116,1.38854755468174
Saint-Pierre-et-Miquelon,2773,47,2701,22,19,534,108,459,80,1105,75,116,51,50,82,45.03468780971259,0.4360753221010902,0.37661050545094155,10.584737363726463,2.140733399405352,9.098116947472745,1.5857284440039643,21.902874132804754,1.4866204162537164,2.2993062438057486,1.0109018830525274,0.9910802775024776,1.6253716551040636
Sarthe,305854,6694,297062,2150,6908,83876,7546,82234,16218,54244,5409,13541,15937,2505,6494,25.638694117303825,0.5227226312155369,1.6795199704357806,20.392503914341564,1.8346348721639256,19.993289700176025,3.9430305270016635,13.188170422165385,1.315072889416204,3.2921800694370154,3.8747118947358183,0.6090326470674045,1.5788654730761373
Savoie,251780,3931,246358,1205,5536,64689,8081,56733,18045,49858,4418,15642,13608,1849,6694,21.492692752619977,0.3757300231674197,1.7261754425351332,20.17062196570723,2.519729723830638,17.68986838535869,5.626596073075592,15.546180493843329,1.3775728152312534,4.877318690775749,4.24309888403506,0.5765351143871859,2.087250435753284
Saône-et-Loire,307623,5923,299300,1979,7419,82633,10186,81970,20686,52336,6037,10730,15210,2369,7745,23.665234049311152,0.4910767459403661,1.8409794735379361,20.50487354587684,2.5275935998729504,20.340354150950887,5.13310437924326,12.986858299916623,1.4980446261960534,2.6625838726327076,3.7742684718307067,0.5878528606026919,1.9218743796402906
Seine-Maritime,657105,10982,642965,4433,19896,179698,13588,177806,33361,136136,11139,24785,24281,5477,12365,25.265452907698815,0.5041785517690036,2.262832498532844,20.437599232074536,1.5454045029183898,20.222416326604886,3.794247837934972,15.483160686583597,1.266872295997052,2.818873315045061,2.761551864539404,0.6229158421021505,1.4063089990127973
Seine-Saint-Denis,554002,7607,543151,2756,11642,110118,6805,64543,27969,266632,5890,19352,17481,3663,6300,30.22020860807453,0.34713431553703167,1.4663779758643405,13.870006008093924,0.8571295418104138,8.12956826114174,3.522859096972147,33.583859513886,0.7418799414053397,2.4374975596054558,2.201834169050381,0.4613762691626077,0.793521838854608
Seine-et-Marne,676131,11057,660929,3440,12843,165208,13797,155738,47893,170969,7853,26718,36828,4600,15042,24.816107585541246,0.3825184615196436,1.4281059887490646,18.370671508935253,1.534188143484454,17.317633767484374,5.325568801616363,19.01127873475347,0.8732318250912096,2.970967515954022,4.095171482803905,0.5115072450553373,1.672628691330953
Somme,307369,4837,298918,2486,7706,83107,7371,98024,16885,52343,3746,8048,11380,2206,5616,25.042189359502114,0.6062586573541174,1.8792555163197222,20.26723179273075,1.797559357746259,23.905027605985524,4.117730261232612,12.764841875256064,0.913533761242367,1.9626587588036755,2.775230700197046,0.5379753009345065,1.3695690344733402
Tarn,235360,3451,229842,1175,5313,53925,17010,56543,15982,48430,5818,8680,10014,1829,5123,21.067281959098256,0.39405992393805045,1.7818215964960527,18.08483523264627,5.704646218030841,18.96283428019505,5.35988570585355,16.241976269208326,1.9511835212524062,2.9110128849210875,3.3583966623962866,0.6133920007512291,1.7181012683699
Tarn-et-Garonne,149081,2169,145820,679,3628,31737,9573,42183,11772,27881,3069,4835,5994,1057,3412,20.998272444967302,0.35981897766896653,1.9225673799455236,16.81822517567009,5.072970652761438,22.353820228291628,6.238275412546502,14.774834928407152,1.6263393850751964,2.5621866819285026,3.1763695907920253,0.5601305734846799,1.8081036109079733
Territoire de Belfort,71486,1242,69654,560,1485,16768,2000,19061,5583,14601,1052,2798,3322,603,1821,23.727113652853056,0.5974990397336861,1.5844394178652212,17.890828389740086,2.133925141906022,20.337373564935344,5.95685203363066,15.578720498484913,1.1224446246425677,2.9853612735265247,3.5444496607059026,0.6433784302846657,1.9429388417054332
Val-d'Oise,540676,8027,529585,2392,10060,138166,9101,91081,37564,175666,6094,20710,26403,3352,8996,26.29112141442261,0.3260948101574716,1.3714522534214735,18.835792449923588,1.2407144093825875,12.416823329411653,5.120997261185311,23.94806476635552,0.830778333235632,2.823337591288143,3.599448692553396,0.45696898145812914,1.226400046896578
Val-de-Marne,600677,8501,589058,2504,14954,171409,8944,69599,43430,192427,8276,31904,32522,3730,9359,24.546217368475265,0.3145388814776293,1.8784402690161615,21.531467705750384,1.1234967076421392,8.742648407332876,5.455440743839233,24.1716347228817,1.0395861753629634,4.007607218315609,4.085237022130775,0.46854234341515866,1.1756267538934237
Var,609692,7803,598730,2098,10672,142335,17784,183287,79329,89272,5703,21044,28342,3578,15286,25.72919610575658,0.25557190609376984,1.3000302105970978,17.338811846452202,2.1663921725317454,22.327458509155758,9.663614746669525,10.874840419829846,0.6947219163263914,2.5635153440597196,3.452535253817742,0.4358609532905187,1.8620934969253409
Vaucluse,309957,4350,303865,1221,6247,66885,9843,89413,30473,63049,3769,12128,11918,2023,6896,24.69588709618641,0.29664218538557413,1.5177098543027694,16.24972364415571,2.3913587475431664,21.72290558712558,7.403421224614743,15.31776670464788,0.9156792765915059,2.946499938047701,2.8954803975636954,0.49148823999591845,1.6753845294176242
Vendée,430416,7312,419709,2647,8153,149587,13039,97280,25663,60524,7244,19753,22534,3621,9664,21.879327649951087,0.48043153532995864,1.4797726889101446,27.150099008463364,2.366583599987658,17.656358049451594,4.657844537654979,10.985129672954445,1.314788833369936,3.5851772260569224,4.089929813798749,0.6572129162938346,1.7540197799126258
Vienne,237707,4053,231652,1715,6412,67831,7741,54214,11939,49162,4542,10727,9959,2315,5095,22.32076624696498,0.5604373698984677,2.095349513579577,22.166196639990066,2.529647627046087,17.716356601560072,3.9014937371532397,16.065435556238175,1.4842603697252714,3.5054295433824274,3.2544581730722095,0.7565087529533252,1.6649728277741649
Vosges,208999,3431,203694,1569,3847,51432,7203,65646,13184,32655,3114,7562,9344,1986,6152,24.796968835570844,0.5645651696754019,1.3842461489746791,18.506511030430385,2.5918183028501725,23.621061267375044,4.743930654557362,11.750080061026292,1.120494543256343,2.7209954194298214,3.3622032794435666,0.7146121268166656,2.213642398880225
Wallis et Futuna,5403,27,5359,98,34,2115,78,579,118,501,118,72,1354,48,244,43.29345088161209,1.0285474391267841,0.3568429890848027,22.197732997481108,0.818639798488665,6.076826196473552,1.2384550797649034,5.258186397984887,1.2384550797649034,0.7556675062972292,14.210747271200672,0.5037783375314862,2.5608732157850547
Yonne,180408,2715,176511,1203,4023,42617,5356,55164,12941,31601,2286,5917,9322,1487,4594,24.184621591295908,0.5055535243762528,1.690641586505125,17.909538277924163,2.250826830057531,23.182339666410318,5.438377521989267,13.280130443735633,0.9606777695129792,2.4865837105023174,3.9175145089238814,0.6249028185764655,1.9306009068865384
Yvelines,749537,9601,736506,2774,11721,246062,13687,101398,64407,168585,9046,40470,61296,3963,13097,22.024353832789767,0.28858407585995244,1.2193561474962158,25.598260589131804,1.4238825689600465,10.548611436210331,6.700372953825508,17.53819265639873,0.9410712149347982,4.210164942340403,6.376730178050341,0.4122778271928592,1.3625038361707993
