Département,Votants,Blancs,Exprimés,ARTHAUD,ROUSSEL,MACRON,LASSALLE,LE PEN,ZEMMOUR,MÉLENCHON,HIDALGO,JADOT,PÉCRESSE,POUTOU,DUPONT-AIGNAN,Abstention_rate,ARTHAUD_percent,ROUSSEL_percent,MACRON_percent,LASSALLE_percent,LE PEN_percent,ZEMMOUR_percent,MÉLENCHON_percent,HIDALGO_percent,JADOT_percent,PÉCRESSE_percent,POUTOU_percent,DUPONT-AIGNAN_percent,employment,security,Winner_2017
AIN,340568,5641,333024,1658,5938,92206,10876,86755,27530,57832,5644,15843,17572,2172,8998,22.2640941,0.378444634,1.355370467,21.04636061,2.482487235,19.80214969,6.283824345,13.20036794,1.28826388,3.61622336,4.010874006,0.495767035,2.053826787,12860,51630,MACRON
AISNE,272455,3767,265860,2038,5968,58721,6468,104342,18266,41172,2983,7074,10920,2118,5790,27.06213994,0.545584991,1.597669886,15.71996873,1.731522926,27.93298781,4.88991926,11.02199473,0.798567237,1.893752811,2.923350395,0.567001478,1.550018204,10410,56480,LE PEN
ALLIER,191494,3749,185955,1359,8119,49706,7782,50315,12361,31013,3280,5982,10319,1503,4216,23.39964239,0.54361957,3.247716918,19.88311579,3.112912065,20.12672456,4.944578005,12.4056466,1.312047234,2.392886144,4.127748599,0.601221644,1.686460713,6946,45167,LE PEN
ALPES-MARITIMES,570332,7550,558775,1627,8858,139707,12767,148919,78208,92345,5414,23374,31260,2989,13307,26.74734325,0.20896964,1.137709323,17.94377471,1.6397759,19.1269513,10.04492783,11.86066464,0.695366705,3.002124375,4.014991356,0.383903044,1.709132757,27614,54266,LE PEN
ALPES-DE-HAUTE-PROVENCE,98785,1478,96683,505,2721,20800,4309,26010,7926,21856,1396,3957,3834,865,2504,22.86941245,0.394300215,2.124536404,16.24048409,3.364434901,20.30841304,6.18856139,17.06500098,1.089986336,3.08959594,2.993558462,0.675385516,1.955104431,5574,54266,LE PEN
ARDENNES,136829,1909,133936,1081,3009,31656,4084,48242,8771,22281,1741,3446,5556,1112,2957,26.51385361,0.580567893,1.616030333,17.00134803,2.193375833,25.90911776,4.710602212,11.96635821,0.935031177,1.850727992,2.983936368,0.597216926,1.588102923,4677,42706,LE PEN
ARDÃ?CHE,201745,3311,196975,1219,5710,45353,9033,49594,14199,42837,4189,8544,9553,1817,4927,21.14993024,0.476434286,2.231697927,17.72577865,3.530460136,19.38333223,5.549540958,16.74242454,1.637229881,3.339339245,3.733697075,0.710156766,1.925669998,7026,39995,LE PEN
ARIÃ?GE,94011,1532,91704,417,2701,18071,7532,21958,5821,23908,3208,3020,2724,723,1621,21.02504221,0.350305362,2.269004276,15.18073909,6.327338099,18.44605549,4.889994036,20.08417409,2.694915112,2.536983678,2.288325675,0.607363973,1.36173859,4723,38062,MÃ?LENCHON
AUBE,153167,2339,149670,1005,3094,38321,3787,49316,11374,22483,1720,4619,8923,1062,3966,25.4846729,0.488929755,1.505222548,18.64306182,1.842365155,23.99209928,5.53341993,10.93791808,0.836775302,2.247130882,4.341015125,0.516660099,1.929448166,7826,51586,LE PEN
AUDE,216955,2962,212426,1026,5622,43104,12382,64027,18434,42039,6166,6322,7350,1748,4206,22.49586499,0.36652413,2.008380756,15.39830027,4.423296074,22.87274897,6.585288307,15.01784394,2.202717137,2.258445952,2.625684553,0.624448517,1.502534589,10123,63733,LE PEN
AVEYRON,175635,3079,170902,894,4515,47430,14825,34357,10112,32734,4470,6746,9988,1354,3477,19.97238777,0.40734868,2.057247526,21.61135109,6.754971112,15.65467403,4.607505422,14.91515847,2.036743398,3.073796636,4.551005158,0.616946434,1.584285636,7838,28909,MACRON
BAS-RHIN,588488,8335,576719,3687,7015,177069,14652,145883,40458,105055,8348,28573,24812,4158,17009,24.42802987,0.473474147,0.900846526,22.73870186,1.881568539,18.73388364,5.195502317,13.49086697,1.072026629,3.669264118,3.1862871,0.533958639,2.184247835,22539,54266,MACRON
"BOUCHES-DU-RHÃ""NE",1027368,13341,1008620,3578,24295,229038,24256,264753,108617,237971,11760,42109,36229,5963,20051,27.19815417,0.253545959,1.721603986,16.23020102,1.71884035,18.76105455,7.696870146,16.86321557,0.833342782,2.983948231,2.56727684,0.422552977,1.420863615,45236,54266,LE PEN
CALVADOS,394349,5547,386231,2757,8777,120366,9816,91774,22255,73950,6848,19621,18383,3764,7920,23.00096847,0.538320954,1.713762428,23.50219077,1.916633473,17.91942954,4.345423588,14.43918555,1.337113491,3.83111913,3.589392129,0.734943805,1.546427986,15325,57749,MACRON
CANTAL,90726,1803,88102,555,2496,25038,6848,21570,4906,12944,1810,2751,6987,650,1547,21.61562055,0.479502354,2.156464642,21.63203594,5.916454274,18.6357942,4.238628018,11.18320446,1.563782453,2.376776535,6.036545855,0.561579334,1.336558815,3900,23272,MACRON
CHARENTE,197699,3293,192666,1319,5374,53126,8482,50432,10617,37305,4003,7557,8343,1763,4345,23.25587715,0.51201826,2.086115338,20.62280675,3.292599609,19.57703177,4.121378218,14.48130493,1.553911369,2.933526909,3.238641657,0.684373156,1.686671221,7306,47576,MACRON
CHARENTE-MARITIME,402765,5918,394067,2330,10002,113753,14335,99790,24347,71633,6857,19012,19316,3403,9289,22.42614628,0.448765606,1.926417849,21.90919912,2.760967793,19.21987974,4.689311674,13.79674963,1.320680583,3.66177326,3.720324652,0.655428908,1.789091722,19464,54266,MACRON
CHER,164762,3146,160533,1304,5749,43497,5495,44772,10822,27901,2585,5028,8147,1463,3770,26.63223048,0.580665271,2.560003562,19.36901634,2.446898517,19.93676805,4.818987398,12.42418845,1.151088747,2.23894554,3.62782206,0.651467249,1.67876386,5663,93892,LE PEN
CORRÃ?ZE,146602,2517,142600,885,6292,33125,10177,31658,8012,27731,3605,5040,12278,1179,2618,20.76938043,0.478295646,3.400492888,17.90230879,5.500129707,17.10947296,4.330061827,14.98713736,1.948311643,2.723853171,6.635608976,0.637187081,1.414890397,6090,34958,MACRON
CORSE-DU-SUD,71552,1130,68861,197,1850,12932,6729,20139,9199,9330,624,2266,3772,608,1215,37.18990853,0.172931407,1.62397514,11.35202514,5.906880388,17.67850559,8.075106656,8.190101652,0.547762426,1.98915009,3.311153637,0.533717235,1.066556646,8001,54266,LE PEN
CREUSE,68979,1388,66848,490,2430,15542,4275,16772,3501,13679,1641,1906,4391,665,1556,24.15389352,0.538781255,2.671915202,17.08926176,4.70059156,18.44171266,3.849537088,15.04079344,1.804367427,2.095749126,4.828139775,0.731203132,1.710905372,1885,25202,LE PEN
"CÃ""TE-D'OR",288973,4577,282745,1775,5721,80734,8183,69110,21651,53875,5126,13462,14344,2286,6478,21.2305,0.483837115,1.559454722,22.00682006,2.230557244,18.83830027,5.90172246,14.68547862,1.39726707,3.66952971,3.909949054,0.623127687,1.76580103,11888,54266,MACRON
"CÃ""TES-D'ARMOR",375155,5722,366393,2603,11628,113656,11949,79850,17319,74226,8279,19349,17235,3895,6404,20.4762248,0.551772965,2.464854415,24.09231969,2.532898642,16.92626634,3.671208601,15.73411453,1.754947515,4.101519442,3.653402635,0.825645678,1.35749292,16433,54266,MACRON
DEUX-SÃ?VRES,213811,3839,207804,1644,4538,68446,7014,47903,8803,39120,4340,10074,9257,2134,4531,21.74229725,0.601726119,1.660969057,25.05215692,2.567218371,17.53314252,3.222016441,14.31844635,1.588498393,3.687219542,3.38818655,0.781072712,1.658406963,9606,54266,MACRON
DORDOGNE,253312,3636,246556,1294,8855,58532,15850,63327,15800,50054,5362,8563,11280,2223,5416,20.38419954,0.406703377,2.783120867,18.39657037,4.981644917,19.90363582,4.965929949,15.73194036,1.685273189,2.691345453,3.545296824,0.698687486,1.702245355,9672,40121,LE PEN
DOUBS,284262,4989,277097,2069,5001,76338,8688,66703,19486,55587,4902,13096,15107,2345,7775,22.83436352,0.561649823,1.357569243,20.72267963,2.358440628,18.1071668,5.28966092,15.08962237,1.330694746,3.555034353,4.100939522,0.63657266,2.110598053,11617,55253,MACRON
"DRÃ""ME",297899,4577,291424,2041,6752,72228,9945,70574,22010,65258,5311,14234,13204,2109,7758,22.05432928,0.534030372,1.766669806,18.89855254,2.602122516,18.46578124,5.758945859,17.07484275,1.389630234,3.724345087,3.454844213,0.551822663,2.029891048,17760,69562,MACRON
ESSONNE,607300,8954,594941,2831,13480,164503,11610,105862,39284,167310,7944,29562,33046,4306,15203,24.04002502,0.35409631,1.686053784,20.57573483,1.452157598,13.24102564,4.913570982,20.92682927,0.993621013,3.697560976,4.133333333,0.538586617,1.901563477,12497,104359,MÃ?LENCHON
EURE,325735,5085,318861,2197,7056,83058,7768,102952,20930,55571,4027,11477,13552,2710,7563,24.63292287,0.508331829,1.632585065,19.21758083,1.797324374,23.82056372,4.842687842,12.85776427,0.931748874,2.655495861,3.135599887,0.627027427,1.74989241,9379,52751,LE PEN
EURE-ET-LOIR,224928,3489,220021,1419,4267,59869,5694,61960,14803,40529,3076,7904,13003,1766,5731,25.98325699,0.466948349,1.404135734,19.70100827,1.873716632,20.38909072,4.871202548,13.33682146,1.012215027,2.600958248,4.278879061,0.581135155,1.885892171,8447,54266,LE PEN
FINISTÃ?RE,554831,8692,542919,3627,15340,174894,18320,100890,25607,116591,13077,33200,26541,6266,8566,21.82186583,0.511060292,2.161473635,24.64333571,2.581368774,14.21584583,3.608139202,16.42818595,1.842606957,4.67802638,3.73974392,0.882907027,1.206987168,26081,63102,MACRON
FRANÃ?AIS Ã?TABLIS HORS DE FRANCE,504291,3193,498951,1300,3266,224957,5964,26380,43252,109394,12489,40774,20956,3145,7074,64.8760296,0.090545264,0.227477562,15.66830066,0.415393809,1.837372349,3.012510569,7.61931428,0.869861382,2.839917367,1.459589649,0.219049888,0.492705534,11515,54266,MACRON
GARD,422315,5840,413979,1768,12123,88278,15162,121480,38479,88827,6585,14974,15460,2706,8137,23.91241681,0.318536749,2.184174777,15.90485696,2.731704856,21.88678973,6.932678483,16.00376911,1.186405255,2.697833302,2.785394874,0.487534187,1.46602575,17435,82782,LE PEN
GERS,119011,1762,116399,529,3128,28970,11720,26015,8396,21353,3861,4090,5126,793,2418,19.19295482,0.359184671,2.123874577,19.67028341,7.957739785,17.66387376,5.700783552,14.49843154,2.621572808,2.777061068,3.480492674,0.538437513,1.641793072,5989,33110,MACRON
GIRONDE,909534,12367,892020,3679,21522,256179,37725,191542,58321,194775,19598,46677,37575,8734,15693,21.49362823,0.317552661,1.857670118,22.11207477,3.256231075,16.53293605,5.03397356,16.81199225,1.691600175,4.02892241,3.243283835,0.753874678,1.354540338,28885,131824,MACRON
GUADELOUPE,141431,2719,135085,1084,668,18137,1033,24204,3098,75862,2266,1927,3979,713,2114,55.2466118,0.343013009,0.21137702,5.73913924,0.326874943,7.658936217,0.980308395,24.00521481,0.717036418,0.609765745,1.259085573,0.22561649,0.668938653,11792,76243,MÃ?LENCHON
GUYANE,37239,825,35861,297,246,5101,516,6334,1573,18143,535,940,997,462,717,63.84317381,0.288369112,0.238851184,4.95276378,0.501004923,6.14993252,1.527288262,17.61576029,0.519452778,0.912683386,0.968026953,0.448574175,0.696163817,9236,84739,MÃ?LENCHON
HAUT-RHIN,393877,6382,385109,2265,4649,107248,11063,106937,30284,66238,4881,18963,15994,2842,13745,25.92649011,0.425961658,0.874302758,20.16933151,2.080535903,20.11084406,5.695286024,12.45688666,0.917933268,3.566229985,3.007872298,0.534473745,2.584919641,14443,54266,MACRON
HAUTE-CORSE,80851,1463,78511,257,2687,13773,8601,21998,9657,10368,959,2520,5555,762,1374,37.38014468,0.199048903,2.081106619,10.66731725,6.661554905,17.03765664,7.479436777,8.030112923,0.742754465,1.951763558,4.30239943,0.590176123,1.064175845,7582,54266,LE PEN
HAUTE-GARONNE,746955,10129,730979,3006,16307,196712,35479,133254,50613,188867,19658,42599,27153,4888,12443,19.70997107,0.32311428,1.752835849,21.14452968,3.813629919,14.3234432,5.440380256,20.30127236,2.113034103,4.578957156,2.918670007,0.525410047,1.337495338,20767,54266,MACRON
HAUTE-LOIRE,143706,2837,139655,1020,3493,32417,7817,38629,9529,24332,2491,5796,9560,1205,3366,20.47524709,0.564452758,1.932974002,17.93908337,4.325810986,21.37671134,5.273206202,13.46496519,1.378482175,3.207419787,5.290361139,0.666828993,1.8626941,5372,54266,LE PEN
HAUTE-MARNE,96116,1489,93808,696,1833,21886,3327,34331,6450,13228,1305,2580,4841,747,2584,25.71547813,0.537912806,1.416658294,16.91488457,2.571315954,26.53316743,4.98496781,10.22343476,1.00858651,1.993987124,3.741430879,0.57732883,1.997078577,3331,54266,LE PEN
HAUTE-SAVOIE,436281,6918,427139,1880,5997,130422,13371,87744,33353,78062,6606,29948,22349,3232,14175,22.87290181,0.332352187,1.060168121,23.05640264,2.36376654,15.51165442,5.896246011,13.80004066,1.167829015,5.29429963,3.950925017,0.571362909,2.505900135,21645,54266,MACRON
"HAUTE-SAÃ""NE",138676,2364,134739,1171,2836,30204,4820,46618,9675,21089,2345,4292,6754,1295,3640,21.96719467,0.658920181,1.595813522,16.99575162,2.712207748,26.23188814,5.444109951,11.86675295,1.319528458,2.415102833,3.80046704,0.72869482,2.048223279,3912,54266,LE PEN
HAUTE-VIENNE,208258,3787,202118,1457,8030,54951,9973,45357,10796,43137,5654,7877,9544,1787,3555,21.03722577,0.552433818,3.044642112,20.83513434,3.781346922,17.19748845,4.093394302,16.35575676,2.143761707,2.986630874,3.61868796,0.677556096,1.347908183,6345,54266,MACRON
HAUTES-ALPES,88162,1395,86235,428,1925,20507,3871,19696,6164,19718,1459,5013,4511,801,2142,22.33722989,0.377029396,1.695751372,18.06481734,3.41000185,17.35039949,5.42992803,17.36977951,1.285247404,4.416000846,3.973784124,0.705608753,1.886908799,6734,54266,MACRON
HAUTES-PYRÃ?NÃ?ES,137848,2064,134888,636,4539,33692,14761,29938,8714,26449,3315,4872,4560,1003,2409,22.31420794,0.358424959,2.558004542,18.98750585,8.318727704,16.87189689,4.910872787,14.90563167,1.868205565,2.745670441,2.569839329,0.56525194,1.357619066,6623,54266,MACRON
HAUTS-DE-SEINE,788877,11841,774742,2306,13170,287494,11260,64812,62761,199640,10518,47103,62231,3704,9743,20.92782461,0.231139248,1.320079746,28.8166292,1.128633101,6.496355999,6.290776381,20.01068493,1.054259588,4.721314827,6.237652443,0.371266164,0.976578357,38860,54266,MACRON
HÃ?RAULT,651599,8867,638728,2580,14165,142306,22068,165734,57751,154819,12150,28057,23230,4393,11475,23.10291315,0.304473279,1.671652712,16.79394358,2.604308651,19.55874977,6.815362919,18.27063898,1.433856721,3.311087902,2.741439639,0.518430664,1.354198014,27487,127986,LE PEN
ILLE-ET-VILAINE,610209,9511,596832,3783,12696,205882,13985,101797,27463,132510,13973,42613,26194,5376,10560,20.92009704,0.490257064,1.645335365,26.68123312,1.812383041,13.19236013,3.559061526,17.1726047,1.810827903,5.522422489,3.394605747,0.696701554,1.368520909,24371,54266,MACRON
INDRE,124694,2451,120997,1085,3702,31498,4984,34516,7438,20954,2464,3726,6589,1155,2886,24.92835641,0.653220951,2.228777845,18.96327514,3.000602047,20.78025286,4.478025286,12.61529199,1.483443709,2.243226972,3.966887417,0.695364238,1.737507526,3488,36610,LE PEN
INDRE-ET-LOIRE,334966,5437,327490,2243,7835,101503,8520,70553,19931,68012,6216,16245,16279,2882,7271,23.95812051,0.509191786,1.778652537,23.04257415,1.934156939,16.01649936,4.524610558,15.43965748,1.411117316,3.687837967,3.695556433,0.654253556,1.650616796,12980,54266,MACRON
ISÃ?RE,686764,10990,672296,3479,14694,180533,17025,154799,47450,153474,12736,40378,28575,4826,14327,22.43810987,0.392911999,1.659513914,20.3890721,1.922772859,17.48272046,5.3589176,17.33307734,1.438380918,4.560218648,3.227209071,0.545039754,1.618065595,25654,107746,MACRON
JURA,148963,2625,145227,1053,3166,36139,6218,38179,9657,28882,2635,6388,7424,1343,4143,21.84399545,0.552474593,1.66109645,18.96094902,3.262380835,20.03127017,5.066711438,15.15343893,1.382498151,3.351574264,3.895129514,0.70462809,2.173696333,7031,36643,LE PEN
LA RÃ?UNION,362380,7361,346766,3538,3074,62542,4844,85770,13070,139604,5549,7994,9738,2705,8338,46.35690908,0.52372994,0.455044046,9.258088726,0.717057046,12.69652825,1.934751362,20.66557223,0.821418156,1.183351368,1.44151559,0.400420997,1.234273669,11515,66986,MÃ?LENCHON
LANDES,263683,4033,258050,1115,8176,69459,24308,58646,16817,44548,9071,8628,10393,1975,4914,19.93520315,0.338558984,2.482563453,21.09055466,7.380889484,17.80729162,5.106319666,13.52657005,2.754321561,2.619808889,3.155734096,0.59968968,1.492088651,10801,48046,MACRON
LOIR-ET-CHER,185368,3181,180810,1246,4507,50480,5483,50212,12703,30377,3165,7097,9586,1527,4427,24.25240481,0.509157479,1.841711684,20.62782468,2.240538089,20.51831087,5.19087276,12.4130632,1.293325379,2.900072737,3.917161794,0.623983524,1.809020996,7350,54266,MACRON
LOIRE,395202,6664,385938,2390,9017,104003,11928,97764,28706,78169,6970,16656,18539,2767,9029,23.08162415,0.465166974,1.754983515,20.24215931,2.321552996,19.02785941,5.587064076,15.21407412,1.356574814,3.241766155,3.608255449,0.538542684,1.757319081,15054,264521,MACRON
LOIRE-ATLANTIQUE,820354,13373,802422,4712,18322,256609,18298,135702,42761,187977,18369,60072,37541,7280,14779,22.36590949,0.445919487,1.733900007,24.28415822,1.73162877,12.84214053,4.046681486,17.78917812,1.738347846,5.684905644,3.552687488,0.688941821,1.398608678,31495,54266,MACRON
LOIRET,343082,5512,335422,1959,7530,97004,8483,85832,22878,63486,5656,14401,18086,2433,7674,25.01759371,0.428149929,1.645721779,21.20074309,1.854005027,18.75904273,5.000109278,13.8752049,1.236149055,3.147415583,3.952792045,0.531745164,1.677193749,12958,64086,MACRON
LOT,112114,1767,109390,618,3559,27311,8032,21422,6123,25932,2766,4603,5648,976,2400,19.50343916,0.443716883,2.555321013,19.60898347,5.766883499,15.38074929,4.396243484,18.61887735,1.985956145,3.304900989,4.055198955,0.70075676,1.72317236,5303,31668,MACRON
LOT-ET-GARONNE,188397,2793,184102,889,4970,42568,13600,50290,15646,34044,3357,5686,7703,1437,3912,21.92545503,0.368414945,2.059642608,17.64081822,5.63604416,20.84093094,6.483937274,14.10834466,1.391191195,2.356363757,3.192238836,0.595514372,1.621191526,9819,54266,LE PEN
LOZÃ?RE,48132,741,46996,235,1343,10739,4722,10497,3148,9153,1045,1736,3039,426,913,19.52785394,0.392897746,2.245368822,17.95459105,7.894736842,17.54998997,5.263157895,15.30294924,1.747141042,2.902427607,5.080920217,0.712231659,1.526449542,2668,23639,MACRON
MAINE-ET-LOIRE,452397,8072,441342,3071,8362,157063,11036,89433,21704,80616,8801,26635,21538,3663,9420,23.22664074,0.521159482,1.419060759,26.65414255,1.872847947,15.1770941,3.683245003,13.68081824,1.4935606,4.520053015,3.65507422,0.621623961,1.598607074,18883,54266,MACRON
MANCHE,291153,4747,284458,2249,7368,92642,9421,69770,13990,46940,5853,11873,14746,2720,6886,24.29975066,0.584743625,1.915691877,24.08706934,2.449475187,18.14031247,3.637422552,12.20447567,1.521789435,3.086999139,3.833983771,0.707204385,1.7903711,11209,36233,MACRON
MARNE,279634,3826,274106,1778,5307,78472,6921,83756,19501,42858,3542,9561,14357,1894,6159,26.53660638,0.46710312,1.394216118,20.61558832,1.818234361,22.00376205,5.123159698,11.25933944,0.930528263,2.511795799,3.771765744,0.497577789,1.618047309,13034,354064,LE PEN
MARTINIQUE,130006,4001,122949,1447,747,20043,1162,16495,3153,65292,3935,1978,4731,977,2989,57.31826628,0.475058603,0.245244489,6.580234673,0.381491428,5.415405425,1.035148427,21.43574726,1.291883622,0.649389023,1.553215099,0.320754841,0.981306263,5614,62165,MÃ?LENCHON
MAYENNE,171910,3483,166908,1273,3313,60755,4673,37376,8042,25608,3468,7934,9236,1372,3858,23.50103684,0.566477692,1.474265982,27.03562624,2.079458175,16.63210545,3.578643835,11.395413,1.543240092,3.530584455,4.109966981,0.610532124,1.716787853,6825,33723,MACRON
MAYOTTE,37163,922,35050,430,206,5936,359,14958,482,8398,318,295,2810,328,530,59.68737458,0.466443208,0.223458839,6.439085771,0.389425841,16.22571512,0.522850293,9.109744324,0.344951023,0.320001736,3.048152126,0.35579854,0.574918372,3805,50091,LE PEN
MEURTHE-ET-MOSELLE,361138,5092,353800,2373,7961,95252,8739,97243,23518,73892,6362,14588,13387,3214,7271,26.60647039,0.482261201,1.617901991,19.35791992,1.776013755,19.76254783,4.779527575,15.01695942,1.292939639,2.964697179,2.720619766,0.65317636,1.477674334,13759,54266,LE PEN
MEUSE,100713,1509,98513,702,1957,24539,3500,34588,7347,13559,1483,3130,4403,883,2422,25.28986314,0.520752198,1.451726568,18.20333074,2.596342866,25.65780201,5.450094581,10.05823226,1.100107563,2.321872334,3.266199325,0.655020214,1.796669263,3437,38301,LE PEN
MORBIHAN,478452,7959,467374,2952,11529,152740,14399,102856,26595,84200,8267,27036,22838,4376,9586,21.43284092,0.484751351,1.893190492,25.08161295,2.364476528,16.89010332,4.367195865,13.82657988,1.35753368,4.439612987,3.750254527,0.718588047,1.574128203,19497,53686,MACRON
MOSELLE,535615,7943,524319,3499,8750,136366,14163,159254,39369,100159,7534,18931,19300,4343,12651,28.19346466,0.46908893,1.173057484,18.28173221,1.898744359,21.35018246,5.277954295,13.42768737,1.01003601,2.53796014,2.58742965,0.582238703,1.696040026,17659,137320,LE PEN
NIÃ?VRE,115336,1957,112441,833,4281,28686,4106,32838,7378,19930,2160,3552,5172,1010,2495,25.19684018,0.540256573,2.776516675,18.60480199,2.663017395,21.29765348,4.785129649,12.92594658,1.4009054,2.303711102,3.354390152,0.655052988,1.61817545,4775,39162,LE PEN
NORD,1299873,17416,1274781,7673,45902,336138,22459,373127,73168,279785,18215,46962,42470,8265,20617,28.33845855,0.423009792,2.530561121,18.53116975,1.238156773,20.57036032,4.033726114,15.42444868,1.004186545,2.588998548,2.341356167,0.455646544,1.136607961,43963,197405,LE PEN
NOUVELLE-CALÃ?DONIE,72966,1777,70500,565,399,28561,1031,13273,6435,9711,963,2161,4144,560,2697,66.64762105,0.25825856,0.182380824,13.05508449,0.471264736,6.067019239,2.941405018,4.438847573,0.440182289,0.987781856,1.894200838,0.255973086,1.232784667,11515,54266,MACRON
OISE,422040,6324,411714,2859,9054,100043,9179,132873,30333,79446,4251,13785,17450,3048,9393,25.18626323,0.506806164,1.604974819,17.73431586,1.627133186,23.5539893,5.377037905,14.08314883,0.753561736,2.443624683,3.093307996,0.540309614,1.66506831,14713,78830,LE PEN
ORNE,154603,2586,150950,1203,3261,46005,4895,41804,8910,22993,2368,5513,8838,1334,3826,24.78130565,0.58529323,1.586567934,22.38272242,2.381554749,20.33881813,4.334964824,11.18673919,1.152098395,2.682229077,4.299934805,0.649028404,1.861456276,6221,36961,MACRON
PARIS,1071357,11028,1055062,2891,17267,372820,12139,58429,86088,317372,22901,80268,69564,5732,9591,21.685861,0.211326547,1.262184536,27.25242594,0.887337585,4.271047678,6.292867455,23.19928364,1.674019115,5.867436633,5.084994792,0.418998191,0.701083679,23443,377867,MACRON
PAS-DE-CALAIS,807404,10601,790653,5887,26146,194610,17010,305816,40764,124741,11619,19295,25307,5488,13970,26.17838337,0.538253287,2.390550441,17.79335353,1.555238392,27.96101024,3.727086292,11.40517297,1.062334796,1.764157835,2.313839976,0.501772387,1.277288674,26401,54266,LE PEN
POLYNÃ?SIE FRANÃ?AISE,63455,1490,60030,808,368,24106,610,11705,4283,7990,865,2150,4725,451,1969,69.13307001,0.393041989,0.179009223,11.72607697,0.296727244,5.693758026,2.083414406,3.886640464,0.420768961,1.045841927,2.298420049,0.219383586,0.95779663,11515,54266,MACRON
"PUY-DE-DÃ""ME",367234,6938,357587,2556,12713,100134,16136,78182,20624,74534,8216,17029,17352,3189,6922,21.54846262,0.546033672,2.715855271,21.3914459,3.44710459,16.70187971,4.405867939,15.92256405,1.755169268,3.63787457,3.706876478,0.681260321,1.478734381,14194,54266,MACRON
PYRÃ?NÃ?ES-ATLANTIQUES,409795,5816,401490,1677,10170,111610,48246,69768,25877,76030,9276,19967,17166,4982,6721,21.18250761,0.32254404,1.956036305,21.46639253,9.27934391,13.41875525,4.977025709,14.62315047,1.784089751,3.840332045,3.301604642,0.958207755,1.2926765,14371,54266,MACRON
PYRÃ?NÃ?ES-ORIENTALES,274372,3528,268568,1312,6509,55169,11690,87930,24782,51556,5013,8588,8815,1995,5209,24.22253891,0.362354865,1.797688883,15.23685635,3.22860394,24.28495675,6.844419404,14.23899955,1.384515958,2.371877727,2.434571747,0.550989295,1.43864824,11883,54266,LE PEN
"RHÃ""NE",925646,12708,909013,3774,15938,278243,17572,150463,74168,229036,15895,51907,50263,5267,16487,21.63684172,0.319498555,1.349276091,23.55544155,1.487606944,12.73786727,6.278900058,19.38968495,1.345635806,4.394332668,4.255155237,0.445892657,1.395753226,47538,389434,MACRON
SAINT-MARTIN/SAINT-BARTHÃ?LEMY,8602,150,8368,41,48,2070,208,1445,1107,2354,92,247,354,63,339,64.7661178,0.16793643,0.196608503,8.478741706,0.851970181,5.918735152,4.534283608,9.642008684,0.376832965,1.01171459,1.449987712,0.258048661,1.388547555,11515,54266,MÃ?LENCHON
SAINT-PIERRE-ET-MIQUELON,2773,47,2701,22,19,534,108,459,80,1105,75,116,51,50,82,45.03468781,0.436075322,0.376610505,10.58473736,2.140733399,9.098116947,1.585728444,21.90287413,1.486620416,2.299306244,1.010901883,0.991080278,1.625371655,11515,54266,MÃ?LENCHON
SARTHE,305854,6694,297062,2150,6908,83876,7546,82234,16218,54244,5409,13541,15937,2505,6494,25.63869412,0.522722631,1.67951997,20.39250391,1.834634872,19.9932897,3.943030527,13.18817042,1.315072889,3.292180069,3.874711895,0.609032647,1.578865473,11767,54846,MACRON
SAVOIE,251780,3931,246358,1205,5536,64689,8081,56733,18045,49858,4418,15642,13608,1849,6694,21.49269275,0.375730023,1.726175443,20.17062197,2.519729724,17.68986839,5.626596073,15.54618049,1.377572815,4.877318691,4.243098884,0.576535114,2.087250436,16882,129654,MACRON
"SAÃ""NE-ET-LOIRE",307623,5923,299300,1979,7419,82633,10186,81970,20686,52336,6037,10730,15210,2369,7745,23.66523405,0.491076746,1.840979474,20.50487355,2.5275936,20.34035415,5.133104379,12.9868583,1.498044626,2.662583873,3.774268472,0.587852861,1.92187438,10742,54266,MACRON
SEINE-MARITIME,657105,10982,642965,4433,19896,179698,13588,177806,33361,136136,11139,24785,24281,5477,12365,25.26545291,0.504178552,2.262832499,20.43759923,1.545404503,20.22241633,3.794247838,15.48316069,1.266872296,2.818873315,2.761551865,0.622915842,1.406308999,22073,54266,MACRON
SEINE-SAINT-DENIS,554002,7607,543151,2756,11642,110118,6805,64543,27969,266632,5890,19352,17481,3663,6300,30.22020861,0.347134316,1.466377976,13.87000601,0.857129542,8.129568261,3.522859097,33.58385951,0.741879941,2.43749756,2.201834169,0.461376269,0.793521839,30837,54266,MÃ?LENCHON
SEINE-ET-MARNE,676131,11057,660929,3440,12843,165208,13797,155738,47893,170969,7853,26718,36828,4600,15042,24.81610759,0.382518462,1.428105989,18.37067151,1.534188143,17.31763377,5.325568802,19.01127873,0.873231825,2.970967516,4.095171483,0.511507245,1.672628691,17929,54266,MÃ?LENCHON
SOMME,307369,4837,298918,2486,7706,83107,7371,98024,16885,52343,3746,8048,11380,2206,5616,25.04218936,0.606258657,1.879255516,20.26723179,1.797559358,23.90502761,4.117730261,12.76484188,0.913533761,1.962658759,2.7752307,0.537975301,1.369569034,11413,66740,LE PEN
TARN,235360,3451,229842,1175,5313,53925,17010,56543,15982,48430,5818,8680,10014,1829,5123,21.06728196,0.394059924,1.781821596,18.08483523,5.704646218,18.96283428,5.359885706,16.24197627,1.951183521,2.911012885,3.358396662,0.613392001,1.718101268,7642,47016,LE PEN
TARN-ET-GARONNE,149081,2169,145820,679,3628,31737,9573,42183,11772,27881,3069,4835,5994,1057,3412,20.99827244,0.359818978,1.92256738,16.81822518,5.072970653,22.35382023,6.238275413,14.77483493,1.626339385,2.562186682,3.176369591,0.560130573,1.808103611,5663,54266,LE PEN
TERRITOIRE DE BELFORT,71486,1242,69654,560,1485,16768,2000,19061,5583,14601,1052,2798,3322,603,1821,23.72711365,0.59749904,1.584439418,17.89082839,2.133925142,20.33737356,5.956852034,15.5787205,1.122444625,2.985361274,3.544449661,0.64337843,1.942938842,2884,45990,LE PEN
VAL-D'OISE,540676,8027,529585,2392,10060,138166,9101,91081,37564,175666,6094,20710,26403,3352,8996,26.29112141,0.32609481,1.371452253,18.83579245,1.240714409,12.41682333,5.120997261,23.94806477,0.830778333,2.823337591,3.599448693,0.456968981,1.226400047,11931,54266,MÃ?LENCHON
VAL-DE-MARNE,600677,8501,589058,2504,14954,171409,8944,69599,43430,192427,8276,31904,32522,3730,9359,24.54621737,0.314538881,1.878440269,21.53146771,1.123496708,8.742648407,5.455440744,24.17163472,1.039586175,4.007607218,4.085237022,0.468542343,1.175626754,22208,54266,MÃ?LENCHON
VAR,609692,7803,598730,2098,10672,142335,17784,183287,79329,89272,5703,21044,28342,3578,15286,25.72919611,0.255571906,1.300030211,17.33881185,2.166392173,22.32745851,9.663614747,10.87484042,0.694721916,2.563515344,3.452535254,0.435860953,1.862093497,22565,105297,LE PEN
VAUCLUSE,309957,4350,303865,1221,6247,66885,9843,89413,30473,63049,3769,12128,11918,2023,6896,24.6958871,0.296642185,1.517709854,16.24972364,2.391358748,21.72290559,7.403421225,15.3177667,0.915679277,2.946499938,2.895480398,0.49148824,1.675384529,19590,74373,LE PEN
VENDÃ?E,430416,7312,419709,2647,8153,149587,13039,97280,25663,60524,7244,19753,22534,3621,9664,21.87932765,0.480431535,1.479772689,27.15009901,2.3665836,17.65635805,4.657844538,10.98512967,1.314788833,3.585177226,4.089929814,0.657212916,1.75401978,19837,48083,MACRON
VIENNE,237707,4053,231652,1715,6412,67831,7741,54214,11939,49162,4542,10727,9959,2315,5095,22.32076625,0.56043737,2.095349514,22.16619664,2.529647627,17.7163566,3.901493737,16.06543556,1.48426037,3.505429543,3.254458173,0.756508753,1.664972828,8803,89749,MACRON
VOSGES,208999,3431,203694,1569,3847,51432,7203,65646,13184,32655,3114,7562,9344,1986,6152,24.79696884,0.56456517,1.384246149,18.50651103,2.591818303,23.62106127,4.743930655,11.75008006,1.120494543,2.720995419,3.362203279,0.714612127,2.213642399,8179,44466,LE PEN
WALLIS ET FUTUNA,5403,27,5359,98,34,2115,78,579,118,501,118,72,1354,48,244,43.29345088,1.028547439,0.356842989,22.197733,0.818639798,6.076826196,1.23845508,5.258186398,1.23845508,0.755667506,14.21074727,0.503778338,2.560873216,11515,54266,MACRON
YONNE,180408,2715,176511,1203,4023,42617,5356,55164,12941,31601,2286,5917,9322,1487,4594,24.18462159,0.505553524,1.690641587,17.90953828,2.25082683,23.18233967,5.438377522,13.28013044,0.96067777,2.486583711,3.917514509,0.624902819,1.930600907,7678,52886,LE PEN
YVELINES,749537,9601,736506,2774,11721,246062,13687,101398,64407,168585,9046,40470,61296,3963,13097,22.02435383,0.288584076,1.219356147,25.59826059,1.423882569,10.54861144,6.700372954,17.53819266,0.941071215,4.210164942,6.376730178,0.412277827,1.362503836,26601,100226,MACRON
